{"cameraMode":{"drawMode":0,"name":"Shaded","section":"Shading Mode"},"sceneLighting":true,"audioPlay":false,"sceneViewState":{"m_AlwaysRefresh":false,"showFog":true,"showSkybox":true,"showFlares":true,"showImageEffects":true,"showParticleSystems":true,"showVisualEffectGraphs":true,"m_FxEnabled":true},"in2DMode":false,"pivot":{"x":-1.9910112619400025,"y":2.782778024673462,"z":-0.09197001904249191},"rotation":{"x":0.1230008527636528,"y":-0.004470993764698505,"z":0.0005723527283407748,"w":0.9924283623695374},"size":0.9049965143203735,"orthographic":false}