{"cameraMode":{"drawMode":0,"name":"Shaded","section":"Shading Mode"},"sceneLighting":true,"audioPlay":false,"sceneViewState":{"m_AlwaysRefresh":false,"showFog":true,"showSkybox":true,"showFlares":true,"showImageEffects":true,"showParticleSystems":true,"showVisualEffectGraphs":true,"m_FxEnabled":true},"in2DMode":false,"pivot":{"x":3.3731372356414797,"y":15.086986541748047,"z":-12.324440956115723},"rotation":{"x":-0.3382486402988434,"y":0.03584049269556999,"z":-0.012896462343633175,"w":-0.9403043389320374},"size":1.5045884847640992,"orthographic":false}