{"cameraMode":{"drawMode":0,"name":"Shaded","section":"Shading Mode"},"sceneLighting":true,"audioPlay":false,"sceneViewState":{"m_AlwaysRefresh":false,"showFog":true,"showSkybox":true,"showFlares":true,"showImageEffects":true,"showParticleSystems":true,"showVisualEffectGraphs":true,"m_FxEnabled":true},"in2DMode":false,"pivot":{"x":-24.613216400146486,"y":6.0191240310668949,"z":3.9331324100494386},"rotation":{"x":0.11849243938922882,"y":0.028295308351516725,"z":-0.0033479968551546337,"w":0.9926329255104065},"size":12.12435531616211,"orthographic":false}