{"cameraMode":{"drawMode":0,"name":"Shaded","section":"Shading Mode"},"sceneLighting":true,"audioPlay":false,"sceneViewState":{"m_AlwaysRefresh":false,"showFog":true,"showSkybox":true,"showFlares":true,"showImageEffects":true,"showParticleSystems":true,"showVisualEffectGraphs":true,"m_FxEnabled":true},"in2DMode":false,"pivot":{"x":-24.496644973754884,"y":17.75501251220703,"z":-34.225223541259769},"rotation":{"x":0.3189722001552582,"y":-0.11900223791599274,"z":0.04044349864125252,"w":0.9394922256469727},"size":0.18597468733787538,"orthographic":false}