{"cameraMode":{"drawMode":0,"name":"Shaded","section":"Shading Mode"},"sceneLighting":true,"audioPlay":false,"sceneViewState":{"m_AlwaysRefresh":false,"showFog":true,"showSkybox":true,"showFlares":true,"showImageEffects":true,"showParticleSystems":true,"showVisualEffectGraphs":true,"m_FxEnabled":true},"in2DMode":false,"pivot":{"x":1.9271087646484376,"y":17.53577995300293,"z":-10.422198295593262},"rotation":{"x":0.33470720052719118,"y":-0.1406411975622177,"z":0.05055616423487663,"w":0.9304453134536743},"size":0.31056511402130129,"orthographic":false}