{"cameraMode":{"drawMode":0,"name":"Shaded","section":"Shading Mode"},"sceneLighting":false,"audioPlay":false,"sceneViewState":{"m_AlwaysRefresh":false,"showFog":true,"showSkybox":false,"showFlares":true,"showImageEffects":true,"showParticleSystems":true,"showVisualEffectGraphs":true,"m_FxEnabled":true},"in2DMode":false,"pivot":{"x":-1.4625004529953004,"y":0.1527089923620224,"z":0.9009370803833008},"rotation":{"x":0.03362434729933739,"y":0.6405566334724426,"z":-0.028065495193004609,"w":0.7667062282562256},"size":3.242021322250366,"orthographic":false}